global_step,Seeker_A2C_PenaltyCritic_seed_7 - _step,Seeker_A2C_PenaltyCritic_seed_7 - _step__MIN,Seeker_A2C_PenaltyCritic_seed_7 - _step__MAX,Seeker_A2C_PenaltyCritic_seed_7 - safety/return_without_pun,Seeker_A2C_PenaltyCritic_seed_7 - safety/return_without_pun__MIN,Seeker_A2C_PenaltyCritic_seed_7 - safety/return_without_pun__MAX,Seeker_A2C_PenaltyCritic_seed_6 - _step,Seeker_A2C_PenaltyCritic_seed_6 - _step__MIN,Seeker_A2C_PenaltyCritic_seed_6 - _step__MAX,Seeker_A2C_PenaltyCritic_seed_6 - safety/return_without_pun,Seeker_A2C_PenaltyCritic_seed_6 - safety/return_without_pun__MIN,Seeker_A2C_PenaltyCritic_seed_6 - safety/return_without_pun__MAX,Seeker_A2C_PenaltyCritic_seed_5 - _step,Seeker_A2C_PenaltyCritic_seed_5 - _step__MIN,Seeker_A2C_PenaltyCritic_seed_5 - _step__MAX,Seeker_A2C_PenaltyCritic_seed_5 - safety/return_without_pun,Seeker_A2C_PenaltyCritic_seed_5 - safety/return_without_pun__MIN,Seeker_A2C_PenaltyCritic_seed_5 - safety/return_without_pun__MAX,Seeker_A2C_PenaltyCritic_seed_4 - _step,Seeker_A2C_PenaltyCritic_seed_4 - _step__MIN,Seeker_A2C_PenaltyCritic_seed_4 - _step__MAX,Seeker_A2C_PenaltyCritic_seed_4 - safety/return_without_pun,Seeker_A2C_PenaltyCritic_seed_4 - safety/return_without_pun__MIN,Seeker_A2C_PenaltyCritic_seed_4 - safety/return_without_pun__MAX,Seeker_A2C_PenaltyCritic_seed_3 - _step,Seeker_A2C_PenaltyCritic_seed_3 - _step__MIN,Seeker_A2C_PenaltyCritic_seed_3 - _step__MAX,Seeker_A2C_PenaltyCritic_seed_3 - safety/return_without_pun,Seeker_A2C_PenaltyCritic_seed_3 - safety/return_without_pun__MIN,Seeker_A2C_PenaltyCritic_seed_3 - safety/return_without_pun__MAX,Seeker_A2C_PenaltyCritic_seed_2 - _step,Seeker_A2C_PenaltyCritic_seed_2 - _step__MIN,Seeker_A2C_PenaltyCritic_seed_2 - _step__MAX,Seeker_A2C_PenaltyCritic_seed_2 - safety/return_without_pun,Seeker_A2C_PenaltyCritic_seed_2 - safety/return_without_pun__MIN,Seeker_A2C_PenaltyCritic_seed_2 - safety/return_without_pun__MAX,Seeker_A2C_PenaltyCritic_seed_1 - _step,Seeker_A2C_PenaltyCritic_seed_1 - _step__MIN,Seeker_A2C_PenaltyCritic_seed_1 - _step__MAX,Seeker_A2C_PenaltyCritic_seed_1 - safety/return_without_pun,Seeker_A2C_PenaltyCritic_seed_1 - safety/return_without_pun__MIN,Seeker_A2C_PenaltyCritic_seed_1 - safety/return_without_pun__MAX,Seeker_A2C_PenaltyCritic_seed_7 - _step,Seeker_A2C_PenaltyCritic_seed_7 - _step__MIN,Seeker_A2C_PenaltyCritic_seed_7 - _step__MAX,Seeker_A2C_PenaltyCritic_seed_7 - safety/ep_mean_policy_interventions,Seeker_A2C_PenaltyCritic_seed_7 - safety/ep_mean_policy_interventions__MIN,Seeker_A2C_PenaltyCritic_seed_7 - safety/ep_mean_policy_interventions__MAX,Seeker_A2C_PenaltyCritic_seed_6 - _step,Seeker_A2C_PenaltyCritic_seed_6 - _step__MIN,Seeker_A2C_PenaltyCritic_seed_6 - _step__MAX,Seeker_A2C_PenaltyCritic_seed_6 - safety/ep_mean_policy_interventions,Seeker_A2C_PenaltyCritic_seed_6 - safety/ep_mean_policy_interventions__MIN,Seeker_A2C_PenaltyCritic_seed_6 - safety/ep_mean_policy_interventions__MAX,Seeker_A2C_PenaltyCritic_seed_5 - _step,Seeker_A2C_PenaltyCritic_seed_5 - _step__MIN,Seeker_A2C_PenaltyCritic_seed_5 - _step__MAX,Seeker_A2C_PenaltyCritic_seed_5 - safety/ep_mean_policy_interventions,Seeker_A2C_PenaltyCritic_seed_5 - safety/ep_mean_policy_interventions__MIN,Seeker_A2C_PenaltyCritic_seed_5 - safety/ep_mean_policy_interventions__MAX,Seeker_A2C_PenaltyCritic_seed_4 - _step,Seeker_A2C_PenaltyCritic_seed_4 - _step__MIN,Seeker_A2C_PenaltyCritic_seed_4 - _step__MAX,Seeker_A2C_PenaltyCritic_seed_4 - safety/ep_mean_policy_interventions,Seeker_A2C_PenaltyCritic_seed_4 - safety/ep_mean_policy_interventions__MIN,Seeker_A2C_PenaltyCritic_seed_4 - safety/ep_mean_policy_interventions__MAX,Seeker_A2C_PenaltyCritic_seed_3 - _step,Seeker_A2C_PenaltyCritic_seed_3 - _step__MIN,Seeker_A2C_PenaltyCritic_seed_3 - _step__MAX,Seeker_A2C_PenaltyCritic_seed_3 - safety/ep_mean_policy_interventions,Seeker_A2C_PenaltyCritic_seed_3 - safety/ep_mean_policy_interventions__MIN,Seeker_A2C_PenaltyCritic_seed_3 - safety/ep_mean_policy_interventions__MAX,Seeker_A2C_PenaltyCritic_seed_2 - _step,Seeker_A2C_PenaltyCritic_seed_2 - _step__MIN,Seeker_A2C_PenaltyCritic_seed_2 - _step__MAX,Seeker_A2C_PenaltyCritic_seed_2 - safety/ep_mean_policy_interventions,Seeker_A2C_PenaltyCritic_seed_2 - safety/ep_mean_policy_interventions__MIN,Seeker_A2C_PenaltyCritic_seed_2 - safety/ep_mean_policy_interventions__MAX,Seeker_A2C_PenaltyCritic_seed_1 - _step,Seeker_A2C_PenaltyCritic_seed_1 - _step__MIN,Seeker_A2C_PenaltyCritic_seed_1 - _step__MAX,Seeker_A2C_PenaltyCritic_seed_1 - safety/ep_mean_policy_interventions,Seeker_A2C_PenaltyCritic_seed_1 - safety/ep_mean_policy_interventions__MIN,Seeker_A2C_PenaltyCritic_seed_1 - safety/ep_mean_policy_interventions__MAX
1500,7,7,7,-59.949703,-59.949703,-59.949703,7,7,7,-68.45503,-68.45503,-68.45503,7,7,7,-70.20328,-70.20328,-70.20328,7,7,7,-65.38151,-65.38151,-65.38151,7,7,7,-63.225754,-63.225754,-63.225754,7,7,7,-62.13221,-62.13221,-62.13221,7,7,7,-60.20751,-60.20751,-60.20751,3,3,3,89.1875,89.1875,89.1875,3,3,3,100,100,100,3,3,3,100,100,100,3,3,3,95.86667,95.86667,95.86667,3,3,3,91.5,91.5,91.5,3,3,3,100,100,100,3,3,3,91.75,91.75,91.75
3000,22,22,22,-63.909447,-63.909447,-63.909447,22,22,22,-68.885185,-68.885185,-68.885185,22,22,22,-67.88254,-67.88254,-67.88254,22,22,22,-64.92791,-64.92791,-64.92791,22,22,22,-63.621387,-63.621387,-63.621387,22,22,22,-62.521587,-62.521587,-62.521587,22,22,22,-61.083065,-61.083065,-61.083065,18,18,18,94.354836,94.354836,94.354836,18,18,18,100,100,100,18,18,18,99.6,99.6,99.6,18,18,18,97.5,97.5,97.5,18,18,18,93.67742,93.67742,93.67742,18,18,18,97.63333,97.63333,97.63333,18,18,18,90.75,90.75,90.75
4500,37,37,37,-65.434074,-65.434074,-65.434074,37,37,37,-65.98777,-65.98777,-65.98777,37,37,37,-67.30464,-67.30464,-67.30464,37,37,37,-63.496906,-63.496906,-63.496906,37,37,37,-63.344055,-63.344055,-63.344055,37,37,37,-62.533863,-62.533863,-62.533863,37,37,37,-63.56709,-63.56709,-63.56709,33,33,33,96.195656,96.195656,96.195656,33,33,33,97.23913,97.23913,97.23913,33,33,33,98.2,98.2,98.2,33,33,33,95.67391,95.67391,95.67391,33,33,33,95.106384,95.106384,95.106384,33,33,33,97,97,97,33,33,33,93.702126,93.702126,93.702126
6000,52,52,52,-65.765396,-65.765396,-65.765396,52,52,52,-65.02118,-65.02118,-65.02118,52,52,52,-65.34519,-65.34519,-65.34519,52,52,52,-63.881157,-63.881157,-63.881157,52,52,52,-63.835354,-63.835354,-63.835354,52,52,52,-62.128494,-62.128494,-62.128494,52,52,52,-63.271076,-63.271076,-63.271076,48,48,48,96.17742,96.17742,96.17742,48,48,48,95.564514,95.564514,95.564514,48,48,48,96.258064,96.258064,96.258064,48,48,48,96.09677,96.09677,96.09677,48,48,48,95.22222,95.22222,95.22222,48,48,48,95.59677,95.59677,95.59677,48,48,48,94.46032,94.46032,94.46032
7500,67,67,67,-65.56569,-65.56569,-65.56569,67,67,67,-65.640816,-65.640816,-65.640816,67,67,67,-65.363785,-65.363785,-65.363785,67,67,67,-63.175877,-63.175877,-63.175877,67,67,67,-63.37336,-63.37336,-63.37336,67,67,67,-62.6975,-62.6975,-62.6975,67,67,67,-62.697308,-62.697308,-62.697308,63,63,63,95.589745,95.589745,95.589745,63,63,63,96.42857,96.42857,96.42857,63,63,63,96.42857,96.42857,96.42857,63,63,63,95.30769,95.30769,95.30769,63,63,63,94.96154,94.96154,94.96154,63,63,63,95.96154,95.96154,95.96154,63,63,63,93.78481,93.78481,93.78481
9000,82,82,82,-64.0505,-64.0505,-64.0505,82,82,82,-65.62702,-65.62702,-65.62702,82,82,82,-64.68214,-64.68214,-64.68214,82,82,82,-63.184315,-63.184315,-63.184315,82,82,82,-63.75283,-63.75283,-63.75283,82,82,82,-62.489017,-62.489017,-62.489017,82,82,82,-62.577877,-62.577877,-62.577877,78,78,78,93.625,93.625,93.625,78,78,78,96.815216,96.815216,96.815216,78,78,78,95.45744,95.45744,95.45744,78,78,78,95.946236,95.946236,95.946236,78,78,78,95.77419,95.77419,95.77419,78,78,78,95.17021,95.17021,95.17021,78,78,78,93.6875,93.6875,93.6875
10500,97,97,97,-63.054283,-63.054283,-63.054283,97,97,97,-64.48202,-64.48202,-64.48202,97,97,97,-64.156815,-64.156815,-64.156815,97,97,97,-62.440582,-62.440582,-62.440582,97,97,97,-63.50828,-63.50828,-63.50828,97,97,97,-63.324932,-63.324932,-63.324932,97,97,97,-61.75456,-61.75456,-61.75456,93,93,93,92.36,92.36,92.36,93,93,93,95.63,95.63,95.63,93,93,93,95.73,95.73,95.73,93,93,93,94.91,94.91,94.91,93,93,93,95.55,95.55,95.55,93,93,93,94.73,94.73,94.73,93,93,93,93.22,93.22,93.22
12000,112,112,112,-62.86912,-62.86912,-62.86912,112,112,112,-64.04951,-64.04951,-64.04951,112,112,112,-63.689697,-63.689697,-63.689697,112,112,112,-62.02147,-62.02147,-62.02147,112,112,112,-63.616364,-63.616364,-63.616364,112,112,112,-64.089775,-64.089775,-64.089775,112,112,112,-63.37441,-63.37441,-63.37441,108,108,108,92.09,92.09,92.09,108,108,108,95.01,95.01,95.01,108,108,108,95.43,95.43,95.43,108,108,108,94.91,94.91,94.91,108,108,108,95.61,95.61,95.61,108,108,108,94.98,94.98,94.98,108,108,108,95.41,95.41,95.41
13500,127,127,127,-61.5385,-61.5385,-61.5385,127,127,127,-63.94647,-63.94647,-63.94647,127,127,127,-63.3766,-63.3766,-63.3766,127,127,127,-63.042416,-63.042416,-63.042416,127,127,127,-62.463516,-62.463516,-62.463516,127,127,127,-64.27674,-64.27674,-64.27674,127,127,127,-63.485504,-63.485504,-63.485504,123,123,123,90.2,90.2,90.2,123,123,123,95.04,95.04,95.04,123,123,123,95,95,95,123,123,123,95.49,95.49,95.49,123,123,123,94.52,94.52,94.52,123,123,123,94.81,94.81,94.81,123,123,123,95.41,95.41,95.41
15000,142,142,142,-60.60144,-60.60144,-60.60144,142,142,142,-64.15753,-64.15753,-64.15753,142,142,142,-63.65331,-63.65331,-63.65331,142,142,142,-63.04263,-63.04263,-63.04263,142,142,142,-61.445858,-61.445858,-61.445858,142,142,142,-64.45898,-64.45898,-64.45898,142,142,142,-62.98848,-62.98848,-62.98848,138,138,138,89.76,89.76,89.76,138,138,138,95.4,95.4,95.4,138,138,138,95.64,95.64,95.64,138,138,138,95,95,95,138,138,138,92.99,92.99,92.99,138,138,138,94.74,94.74,94.74,138,138,138,95.05,95.05,95.05
16500,157,157,157,-60.681564,-60.681564,-60.681564,157,157,157,-64.73527,-64.73527,-64.73527,157,157,157,-64.35857,-64.35857,-64.35857,157,157,157,-63.127155,-63.127155,-63.127155,157,157,157,-62.167164,-62.167164,-62.167164,157,157,157,-63.389606,-63.389606,-63.389606,157,157,157,-61.780014,-61.780014,-61.780014,153,153,153,90.65,90.65,90.65,153,153,153,96.52,96.52,96.52,153,153,153,97.51,97.51,97.51,153,153,153,95.48,95.48,95.48,153,153,153,93.6,93.6,93.6,153,153,153,93.95,93.95,93.95,153,153,153,93.92,93.92,93.92
18000,172,172,172,-61.238647,-61.238647,-61.238647,172,172,172,-63.080254,-63.080254,-63.080254,172,172,172,-65.05846,-65.05846,-65.05846,172,172,172,-62.65929,-62.65929,-62.65929,172,172,172,-61.767704,-61.767704,-61.767704,172,172,172,-63.00775,-63.00775,-63.00775,172,172,172,-63.13755,-63.13755,-63.13755,168,168,168,91.88,91.88,91.88,168,168,168,94.19,94.19,94.19,168,168,168,98.96,98.96,98.96,168,168,168,94.61,94.61,94.61,168,168,168,93.38,93.38,93.38,168,168,168,94.1,94.1,94.1,168,168,168,95.43,95.43,95.43
19500,187,187,187,-61.816025,-61.816025,-61.816025,187,187,187,-63.15733,-63.15733,-63.15733,187,187,187,-63.89231,-63.89231,-63.89231,187,187,187,-61.92939,-61.92939,-61.92939,187,187,187,-60.556175,-60.556175,-60.556175,187,187,187,-59.13397,-59.13397,-59.13397,187,187,187,-62.771255,-62.771255,-62.771255,183,183,183,93.51,93.51,93.51,183,183,183,94.58,94.58,94.58,183,183,183,98.09,98.09,98.09,183,183,183,93.96,93.96,93.96,183,183,183,92.21,92.21,92.21,183,183,183,89.89,89.89,89.89,183,183,183,94.69,94.69,94.69
21000,202,202,202,-62.725235,-62.725235,-62.725235,202,202,202,-61.553562,-61.553562,-61.553562,202,202,202,-63.531075,-63.531075,-63.531075,202,202,202,-61.646374,-61.646374,-61.646374,202,202,202,-61.21157,-61.21157,-61.21157,202,202,202,-59.44582,-59.44582,-59.44582,202,202,202,-61.351555,-61.351555,-61.351555,198,198,198,95.23,95.23,95.23,198,198,198,93.93,93.93,93.93,198,198,198,97.35,97.35,97.35,198,198,198,93.59,93.59,93.59,198,198,198,92.98,92.98,92.98,198,198,198,90.35,90.35,90.35,198,198,198,93.2,93.2,93.2
22500,217,217,217,-62.04755,-62.04755,-62.04755,217,217,217,-60.617104,-60.617104,-60.617104,217,217,217,-63.025967,-63.025967,-63.025967,217,217,217,-60.474163,-60.474163,-60.474163,217,217,217,-61.782993,-61.782993,-61.782993,217,217,217,-59.210133,-59.210133,-59.210133,217,217,217,-58.9198,-58.9198,-58.9198,213,213,213,95.2,95.2,95.2,213,213,213,93.28,93.28,93.28,213,213,213,97.23,97.23,97.23,213,213,213,92.09,92.09,92.09,213,213,213,94.07,94.07,94.07,213,213,213,90.46,90.46,90.46,213,213,213,90.79,90.79,90.79
24000,232,232,232,-61.08701,-61.08701,-61.08701,232,232,232,-58.749123,-58.749123,-58.749123,232,232,232,-60.335976,-60.335976,-60.335976,232,232,232,-60.177143,-60.177143,-60.177143,232,232,232,-61.120224,-61.120224,-61.120224,232,232,232,-57.177338,-57.177338,-57.177338,232,232,232,-58.25083,-58.25083,-58.25083,228,228,228,94.39,94.39,94.39,228,228,228,92.03,92.03,92.03,228,228,228,94.42,94.42,94.42,228,228,228,91.99,91.99,91.99,228,228,228,93.97,93.97,93.97,228,228,228,88.62,88.62,88.62,228,228,228,90.53,90.53,90.53
25500,247,247,247,-60.463932,-60.463932,-60.463932,247,247,247,-55.21806,-55.21806,-55.21806,247,247,247,-57.908817,-57.908817,-57.908817,247,247,247,-58.855717,-58.855717,-58.855717,247,247,247,-59.062885,-59.062885,-59.062885,247,247,247,-56.752964,-56.752964,-56.752964,247,247,247,-58.760376,-58.760376,-58.760376,243,243,243,94.16,94.16,94.16,243,243,243,87.99,87.99,87.99,243,243,243,91.22,91.22,91.22,243,243,243,90.81,90.81,90.81,243,243,243,92.29,92.29,92.29,243,243,243,87.98,87.98,87.98,243,243,243,90.83,90.83,90.83
27000,262,262,262,-59.01572,-59.01572,-59.01572,262,262,262,-55.826443,-55.826443,-55.826443,262,262,262,-56.637268,-56.637268,-56.637268,262,262,262,-59.59368,-59.59368,-59.59368,262,262,262,-58.499157,-58.499157,-58.499157,262,262,262,-55.962643,-55.962643,-55.962643,262,262,262,-58.379303,-58.379303,-58.379303,258,258,258,91.79,91.79,91.79,258,258,258,89.71,89.71,89.71,258,258,258,89.28,89.28,89.28,258,258,258,91.74,91.74,91.74,258,258,258,91.12,91.12,91.12,258,258,258,87.66,87.66,87.66,258,258,258,90.46,90.46,90.46
28500,277,277,277,-58.876324,-58.876324,-58.876324,277,277,277,-54.313843,-54.313843,-54.313843,277,277,277,-56.176277,-56.176277,-56.176277,277,277,277,-59.229893,-59.229893,-59.229893,277,277,277,-56.414566,-56.414566,-56.414566,277,277,277,-57.79008,-57.79008,-57.79008,277,277,277,-57.330383,-57.330383,-57.330383,273,273,273,92.24,92.24,92.24,273,273,273,87.6,87.6,87.6,273,273,273,88.4,88.4,88.4,273,273,273,92.26,92.26,92.26,273,273,273,88.33,88.33,88.33,273,273,273,90.83,90.83,90.83,273,273,273,89.97,89.97,89.97
30000,292,292,292,-56.96471,-56.96471,-56.96471,292,292,292,-54.744946,-54.744946,-54.744946,292,292,292,-56.302887,-56.302887,-56.302887,292,292,292,-59.2144,-59.2144,-59.2144,292,292,292,-53.814487,-53.814487,-53.814487,292,292,292,-56.118767,-56.118767,-56.118767,292,292,292,-56.39941,-56.39941,-56.39941,288,288,288,89.57,89.57,89.57,288,288,288,88.92,88.92,88.92,288,288,288,88.77,88.77,88.77,288,288,288,92.24,92.24,92.24,288,288,288,86.06,86.06,86.06,288,288,288,89.41,89.41,89.41,288,288,288,89.55,89.55,89.55
31500,307,307,307,-56.379696,-56.379696,-56.379696,307,307,307,-53.395916,-53.395916,-53.395916,307,307,307,-54.076992,-54.076992,-54.076992,307,307,307,-57.694344,-57.694344,-57.694344,307,307,307,-52.957592,-52.957592,-52.957592,307,307,307,-55.445118,-55.445118,-55.445118,307,307,307,-57.143032,-57.143032,-57.143032,303,303,303,89.01,89.01,89.01,303,303,303,87.55,87.55,87.55,303,303,303,86.65,86.65,86.65,303,303,303,91.28,91.28,91.28,303,303,303,84.64,84.64,84.64,303,303,303,89.56,89.56,89.56,303,303,303,91.31,91.31,91.31
33000,322,322,322,-55.95501,-55.95501,-55.95501,322,322,322,-54.277916,-54.277916,-54.277916,322,322,322,-54.691055,-54.691055,-54.691055,322,322,322,-57.39789,-57.39789,-57.39789,322,322,322,-51.751278,-51.751278,-51.751278,322,322,322,-55.332092,-55.332092,-55.332092,322,322,322,-55.92452,-55.92452,-55.92452,318,318,318,88.84,88.84,88.84,318,318,318,89.18,89.18,89.18,318,318,318,87.79,87.79,87.79,318,318,318,91.5,91.5,91.5,318,318,318,83.16,83.16,83.16,318,318,318,89.45,89.45,89.45,318,318,318,89.78,89.78,89.78
34500,337,337,337,-55.783485,-55.783485,-55.783485,337,337,337,-54.65092,-54.65092,-54.65092,337,337,337,-55.23293,-55.23293,-55.23293,337,337,337,-54.80029,-54.80029,-54.80029,337,337,337,-51.943882,-51.943882,-51.943882,337,337,337,-55.05613,-55.05613,-55.05613,337,337,337,-54.53564,-54.53564,-54.53564,333,333,333,88.55,88.55,88.55,333,333,333,91.21,91.21,91.21,333,333,333,89.12,89.12,89.12,333,333,333,88.81,88.81,88.81,333,333,333,84.21,84.21,84.21,333,333,333,89.7,89.7,89.7,333,333,333,89.13,89.13,89.13
36000,352,352,352,-54.97592,-54.97592,-54.97592,352,352,352,-53.386513,-53.386513,-53.386513,352,352,352,-51.99676,-51.99676,-51.99676,352,352,352,-53.025005,-53.025005,-53.025005,352,352,352,-51.433697,-51.433697,-51.433697,352,352,352,-53.070766,-53.070766,-53.070766,352,352,352,-52.429256,-52.429256,-52.429256,348,348,348,89.94,89.94,89.94,348,348,348,89.69,89.69,89.69,348,348,348,84.99,84.99,84.99,348,348,348,86.68,86.68,86.68,348,348,348,84.97,84.97,84.97,348,348,348,87.84,87.84,87.84,348,348,348,86.74,86.74,86.74
37500,367,367,367,-53.54472,-53.54472,-53.54472,367,367,367,-52.1954,-52.1954,-52.1954,367,367,367,-50.642307,-50.642307,-50.642307,367,367,367,-50.510773,-50.510773,-50.510773,367,367,367,-49.39855,-49.39855,-49.39855,367,367,367,-51.37365,-51.37365,-51.37365,367,367,367,-52.62078,-52.62078,-52.62078,363,363,363,88.95,88.95,88.95,363,363,363,89.37,89.37,89.37,363,363,363,83.71,83.71,83.71,363,363,363,83.54,83.54,83.54,363,363,363,83.1,83.1,83.1,363,363,363,86.2,86.2,86.2,363,363,363,87.25,87.25,87.25
39000,382,382,382,-52.7495,-52.7495,-52.7495,382,382,382,-49.767784,-49.767784,-49.767784,382,382,382,-50.449883,-50.449883,-50.449883,382,382,382,-50.399937,-50.399937,-50.399937,382,382,382,-49.31985,-49.31985,-49.31985,382,382,382,-50.962723,-50.962723,-50.962723,382,382,382,-53.037933,-53.037933,-53.037933,378,378,378,88.82,88.82,88.82,378,378,378,86.29,86.29,86.29,378,378,378,84.35,84.35,84.35,378,378,378,83.69,83.69,83.69,378,378,378,84.92,84.92,84.92,378,378,378,85.92,85.92,85.92,378,378,378,88.47,88.47,88.47
40500,397,397,397,-51.665,-51.665,-51.665,397,397,397,-49.977585,-49.977585,-49.977585,397,397,397,-50.449158,-50.449158,-50.449158,397,397,397,-49.427086,-49.427086,-49.427086,397,397,397,-50.604908,-50.604908,-50.604908,397,397,397,-50.240818,-50.240818,-50.240818,397,397,397,-49.329197,-49.329197,-49.329197,393,393,393,88.79,88.79,88.79,393,393,393,87.15,87.15,87.15,393,393,393,84.96,84.96,84.96,393,393,393,82.57,82.57,82.57,393,393,393,87.05,87.05,87.05,393,393,393,85.29,85.29,85.29,393,393,393,83.88,83.88,83.88
42000,412,412,412,-51.035706,-51.035706,-51.035706,412,412,412,-47.600853,-47.600853,-47.600853,412,412,412,-51.01034,-51.01034,-51.01034,412,412,412,-49.376766,-49.376766,-49.376766,412,412,412,-49.601585,-49.601585,-49.601585,412,412,412,-49.89993,-49.89993,-49.89993,412,412,412,-49.4693,-49.4693,-49.4693,408,408,408,88.69,88.69,88.69,408,408,408,83.3,83.3,83.3,408,408,408,86.63,86.63,86.63,408,408,408,83.47,83.47,83.47,408,408,408,86.42,86.42,86.42,408,408,408,86.54,86.54,86.54,408,408,408,85.27,85.27,85.27
43500,427,427,427,-48.940514,-48.940514,-48.940514,427,427,427,-46.872658,-46.872658,-46.872658,427,427,427,-50.38193,-50.38193,-50.38193,427,427,427,-49.1263,-49.1263,-49.1263,427,427,427,-47.740246,-47.740246,-47.740246,427,427,427,-50.09843,-50.09843,-50.09843,427,427,427,-48.29008,-48.29008,-48.29008,423,423,423,86.45,86.45,86.45,423,423,423,83.3,83.3,83.3,423,423,423,85.64,85.64,85.64,423,423,423,83.82,83.82,83.82,423,423,423,84.1,84.1,84.1,423,423,423,87.35,87.35,87.35,423,423,423,84.15,84.15,84.15
45000,442,442,442,-47.90726,-47.90726,-47.90726,442,442,442,-45.746048,-45.746048,-45.746048,442,442,442,-50.41512,-50.41512,-50.41512,442,442,442,-47.828457,-47.828457,-47.828457,442,442,442,-47.023197,-47.023197,-47.023197,442,442,442,-50.257717,-50.257717,-50.257717,442,442,442,-47.84134,-47.84134,-47.84134,438,438,438,85.34,85.34,85.34,438,438,438,81.94,81.94,81.94,438,438,438,86.6,86.6,86.6,438,438,438,82.63,82.63,82.63,438,438,438,83.57,83.57,83.57,438,438,438,87.68,87.68,87.68,438,438,438,83.84,83.84,83.84
46500,457,457,457,-47.82908,-47.82908,-47.82908,457,457,457,-43.168636,-43.168636,-43.168636,457,457,457,-49.25549,-49.25549,-49.25549,457,457,457,-47.59296,-47.59296,-47.59296,457,457,457,-47.393906,-47.393906,-47.393906,457,457,457,-47.63689,-47.63689,-47.63689,457,457,457,-47.10204,-47.10204,-47.10204,453,453,453,86.03,86.03,86.03,453,453,453,78.9,78.9,78.9,453,453,453,85.56,85.56,85.56,453,453,453,83.31,83.31,83.31,453,453,453,85.05,85.05,85.05,453,453,453,85.01,85.01,85.01,453,453,453,83.54,83.54,83.54
48000,472,472,472,-47.00144,-47.00144,-47.00144,472,472,472,-41.71821,-41.71821,-41.71821,472,472,472,-47.617146,-47.617146,-47.617146,472,472,472,-46.39356,-46.39356,-46.39356,472,472,472,-45.384624,-45.384624,-45.384624,472,472,472,-46.670647,-46.670647,-46.670647,472,472,472,-46.353615,-46.353615,-46.353615,468,468,468,84.38,84.38,84.38,468,468,468,77.84,77.84,77.84,468,468,468,82.83,82.83,82.83,468,468,468,81.06,81.06,81.06,468,468,468,82.46,82.46,82.46,468,468,468,83.63,83.63,83.63,468,468,468,83.26,83.26,83.26
49500,487,487,487,-45.517998,-45.517998,-45.517998,487,487,487,-41.22289,-41.22289,-41.22289,487,487,487,-45.59908,-45.59908,-45.59908,487,487,487,-44.121437,-44.121437,-44.121437,487,487,487,-43.35611,-43.35611,-43.35611,487,487,487,-44.941372,-44.941372,-44.941372,487,487,487,-47.544647,-47.544647,-47.544647,483,483,483,83.02,83.02,83.02,483,483,483,78.16,78.16,78.16,483,483,483,80.76,80.76,80.76,483,483,483,78.9,78.9,78.9,483,483,483,80.46,80.46,80.46,483,483,483,82.17,82.17,82.17,483,483,483,85.53,85.53,85.53
51000,502,502,502,-43.833923,-43.833923,-43.833923,502,502,502,-40.446747,-40.446747,-40.446747,502,502,502,-44.606945,-44.606945,-44.606945,502,502,502,-43.216972,-43.216972,-43.216972,502,502,502,-44.522137,-44.522137,-44.522137,502,502,502,-44.013496,-44.013496,-44.013496,502,502,502,-44.514706,-44.514706,-44.514706,498,498,498,80.85,80.85,80.85,498,498,498,77.92,77.92,77.92,498,498,498,80.16,80.16,80.16,498,498,498,77.77,77.77,77.77,498,498,498,82.49,82.49,82.49,498,498,498,80.67,80.67,80.67,498,498,498,81.89,81.89,81.89
52500,517,517,517,-43.904293,-43.904293,-43.904293,517,517,517,-41.62158,-41.62158,-41.62158,517,517,517,-42.91761,-42.91761,-42.91761,517,517,517,-42.08177,-42.08177,-42.08177,517,517,517,-43.96212,-43.96212,-43.96212,517,517,517,-43.01638,-43.01638,-43.01638,517,517,517,-41.540752,-41.540752,-41.540752,513,513,513,82.17,82.17,82.17,513,513,513,80.51,80.51,80.51,513,513,513,79.13,79.13,79.13,513,513,513,75.9,75.9,75.9,513,513,513,82.95,82.95,82.95,513,513,513,80.35,80.35,80.35,513,513,513,76.97,76.97,76.97
54000,532,532,532,-42.813705,-42.813705,-42.813705,532,532,532,-42.156113,-42.156113,-42.156113,532,532,532,-43.111668,-43.111668,-43.111668,532,532,532,-41.721878,-41.721878,-41.721878,532,532,532,-42.954376,-42.954376,-42.954376,532,532,532,-43.64771,-43.64771,-43.64771,532,532,532,-40.671135,-40.671135,-40.671135,528,528,528,80.49,80.49,80.49,528,528,528,81.13,81.13,81.13,528,528,528,80.4,80.4,80.4,528,528,528,75.49,75.49,75.49,528,528,528,82.14,82.14,82.14,528,528,528,81.61,81.61,81.61,528,528,528,76.09,76.09,76.09
55500,547,547,547,-40.672806,-40.672806,-40.672806,547,547,547,-42.826347,-42.826347,-42.826347,547,547,547,-42.680016,-42.680016,-42.680016,547,547,547,-42.03733,-42.03733,-42.03733,547,547,547,-42.724503,-42.724503,-42.724503,547,547,547,-41.406704,-41.406704,-41.406704,547,547,547,-39.337532,-39.337532,-39.337532,543,543,543,78.06,78.06,78.06,543,543,543,82.49,82.49,82.49,543,543,543,81.09,81.09,81.09,543,543,543,78.35,78.35,78.35,543,543,543,81.89,81.89,81.89,543,543,543,79.11,79.11,79.11,543,543,543,73.32,73.32,73.32
57000,562,562,562,-39.94314,-39.94314,-39.94314,562,562,562,-42.620487,-42.620487,-42.620487,562,562,562,-39.719193,-39.719193,-39.719193,562,562,562,-39.88544,-39.88544,-39.88544,562,562,562,-43.119175,-43.119175,-43.119175,562,562,562,-40.08163,-40.08163,-40.08163,562,562,562,-37.332188,-37.332188,-37.332188,558,558,558,77.37,77.37,77.37,558,558,558,82.74,82.74,82.74,558,558,558,77.42,77.42,77.42,558,558,558,75.82,75.82,75.82,558,558,558,83.45,83.45,83.45,558,558,558,77.78,77.78,77.78,558,558,558,71.4,71.4,71.4
58500,577,577,577,-41.38107,-41.38107,-41.38107,577,577,577,-40.4399,-40.4399,-40.4399,577,577,577,-39.164806,-39.164806,-39.164806,577,577,577,-36.84526,-36.84526,-36.84526,577,577,577,-41.347088,-41.347088,-41.347088,577,577,577,-38.025436,-38.025436,-38.025436,577,577,577,-36.340458,-36.340458,-36.340458,573,573,573,80.01,80.01,80.01,573,573,573,79.28,79.28,79.28,573,573,573,76.81,76.81,76.81,573,573,573,71.96,71.96,71.96,573,573,573,81.08,81.08,81.08,573,573,573,75.81,75.81,75.81,573,573,573,70.54,70.54,70.54
60000,592,592,592,-38.917385,-38.917385,-38.917385,592,592,592,-38.82306,-38.82306,-38.82306,592,592,592,-38.385193,-38.385193,-38.385193,592,592,592,-37.768642,-37.768642,-37.768642,592,592,592,-40.226337,-40.226337,-40.226337,592,592,592,-39.52499,-39.52499,-39.52499,592,592,592,-38.596035,-38.596035,-38.596035,588,588,588,77.18,77.18,77.18,588,588,588,75.98,75.98,75.98,588,588,588,75.99,75.99,75.99,588,588,588,74.02,74.02,74.02,588,588,588,79.23,79.23,79.23,588,588,588,78.79,78.79,78.79,588,588,588,75.66,75.66,75.66
61500,607,607,607,-38.904823,-38.904823,-38.904823,607,607,607,-36.643425,-36.643425,-36.643425,607,607,607,-35.663425,-35.663425,-35.663425,607,607,607,-36.44753,-36.44753,-36.44753,607,607,607,-39.217728,-39.217728,-39.217728,607,607,607,-37.53791,-37.53791,-37.53791,607,607,607,-37.52053,-37.52053,-37.52053,603,603,603,78.77,78.77,78.77,603,603,603,73.75,73.75,73.75,603,603,603,71.54,71.54,71.54,603,603,603,72.29,72.29,72.29,603,603,603,77.77,77.77,77.77,603,603,603,76.44,76.44,76.44,603,603,603,74.83,74.83,74.83
63000,622,622,622,-39.320896,-39.320896,-39.320896,622,622,622,-35.317364,-35.317364,-35.317364,622,622,622,-35.139355,-35.139355,-35.139355,622,622,622,-34.851536,-34.851536,-34.851536,622,622,622,-37.70703,-37.70703,-37.70703,622,622,622,-36.793884,-36.793884,-36.793884,622,622,622,-37.729088,-37.729088,-37.729088,618,618,618,79.02,79.02,79.02,618,618,618,73.02,73.02,73.02,618,618,618,71.29,71.29,71.29,618,618,618,70.43,70.43,70.43,618,618,618,75.58,75.58,75.58,618,618,618,74.62,74.62,74.62,618,618,618,76.68,76.68,76.68
64500,637,637,637,-36.708904,-36.708904,-36.708904,637,637,637,-32.54015,-32.54015,-32.54015,637,637,637,-35.738976,-35.738976,-35.738976,637,637,637,-36.254517,-36.254517,-36.254517,637,637,637,-36.187855,-36.187855,-36.187855,637,637,637,-36.02417,-36.02417,-36.02417,637,637,637,-38.30169,-38.30169,-38.30169,633,633,633,75.34,75.34,75.34,633,633,633,69.14,69.14,69.14,633,633,633,73.13,73.13,73.13,633,633,633,72.59,72.59,72.59,633,633,633,74.04,74.04,74.04,633,633,633,74.49,74.49,74.49,633,633,633,76.76,76.76,76.76
66000,652,652,652,-35.469387,-35.469387,-35.469387,652,652,652,-32.0328,-32.0328,-32.0328,652,652,652,-32.94153,-32.94153,-32.94153,652,652,652,-34.434784,-34.434784,-34.434784,652,652,652,-34.852737,-34.852737,-34.852737,652,652,652,-34.278576,-34.278576,-34.278576,652,652,652,-37.507404,-37.507404,-37.507404,648,648,648,74.46,74.46,74.46,648,648,648,68.93,68.93,68.93,648,648,648,69,69,69,648,648,648,70.67,70.67,70.67,648,648,648,72.17,72.17,72.17,648,648,648,72.16,72.16,72.16,648,648,648,76.23,76.23,76.23
67500,667,667,667,-33.821785,-33.821785,-33.821785,667,667,667,-31.077417,-31.077417,-31.077417,667,667,667,-32.02659,-32.02659,-32.02659,667,667,667,-34.758934,-34.758934,-34.758934,667,667,667,-34.154156,-34.154156,-34.154156,667,667,667,-30.040245,-30.040245,-30.040245,667,667,667,-37.786083,-37.786083,-37.786083,663,663,663,70.73,70.73,70.73,663,663,663,67.9,67.9,67.9,663,663,663,67.23,67.23,67.23,663,663,663,71.12,71.12,71.12,663,663,663,73.3,73.3,73.3,663,663,663,66.37,66.37,66.37,663,663,663,77.15,77.15,77.15
69000,682,682,682,-30.631638,-30.631638,-30.631638,682,682,682,-31.982698,-31.982698,-31.982698,682,682,682,-32.537376,-32.537376,-32.537376,682,682,682,-32.68333,-32.68333,-32.68333,682,682,682,-34.597797,-34.597797,-34.597797,682,682,682,-29.092333,-29.092333,-29.092333,682,682,682,-35.047245,-35.047245,-35.047245,678,678,678,65.66,65.66,65.66,678,678,678,69.73,69.73,69.73,678,678,678,69.25,69.25,69.25,678,678,678,68.85,68.85,68.85,678,678,678,73.89,73.89,73.89,678,678,678,66.24,66.24,66.24,678,678,678,73.38,73.38,73.38
70500,697,697,697,-31.31927,-31.31927,-31.31927,697,697,697,-30.794523,-30.794523,-30.794523,697,697,697,-31.950115,-31.950115,-31.950115,697,697,697,-32.528904,-32.528904,-32.528904,697,697,697,-34.468765,-34.468765,-34.468765,697,697,697,-27.877243,-27.877243,-27.877243,697,697,697,-33.360443,-33.360443,-33.360443,693,693,693,68.09,68.09,68.09,693,693,693,67.36,67.36,67.36,693,693,693,68.51,68.51,68.51,693,693,693,69.19,69.19,69.19,693,693,693,72.71,72.71,72.71,693,693,693,63.98,63.98,63.98,693,693,693,70.59,70.59,70.59
72000,712,712,712,-32.690994,-32.690994,-32.690994,712,712,712,-32.367233,-32.367233,-32.367233,712,712,712,-32.258823,-32.258823,-32.258823,712,712,712,-29.677252,-29.677252,-29.677252,712,712,712,-34.41169,-34.41169,-34.41169,712,712,712,-26.483528,-26.483528,-26.483528,712,712,712,-32.689404,-32.689404,-32.689404,708,708,708,72.79,72.79,72.79,708,708,708,71.37,71.37,71.37,708,708,708,69.63,69.63,69.63,708,708,708,64.8,64.8,64.8,708,708,708,73.29,73.29,73.29,708,708,708,61.14,61.14,61.14,708,708,708,71.09,71.09,71.09
73500,727,727,727,-32.096382,-32.096382,-32.096382,727,727,727,-30.851109,-30.851109,-30.851109,727,727,727,-31.331318,-31.331318,-31.331318,727,727,727,-30.72131,-30.72131,-30.72131,727,727,727,-34.70165,-34.70165,-34.70165,727,727,727,-26.989555,-26.989555,-26.989555,727,727,727,-31.642355,-31.642355,-31.642355,723,723,723,72.65,72.65,72.65,723,723,723,69.06,69.06,69.06,723,723,723,69.59,69.59,69.59,723,723,723,68.21,68.21,68.21,723,723,723,75.26,75.26,75.26,723,723,723,63.21,63.21,63.21,723,723,723,70.16,70.16,70.16
75000,742,742,742,-29.96718,-29.96718,-29.96718,742,742,742,-28.35802,-28.35802,-28.35802,742,742,742,-29.839138,-29.839138,-29.839138,742,742,742,-28.512388,-28.512388,-28.512388,742,742,742,-35.746876,-35.746876,-35.746876,742,742,742,-27.473803,-27.473803,-27.473803,742,742,742,-28.182785,-28.182785,-28.182785,738,738,738,69.59,69.59,69.59,738,738,738,65.26,65.26,65.26,738,738,738,68.67,68.67,68.67,738,738,738,63.77,63.77,63.77,738,738,738,76.62,76.62,76.62,738,738,738,64.72,64.72,64.72,738,738,738,63.8,63.8,63.8
76500,757,757,757,-28.90248,-28.90248,-28.90248,757,757,757,-27.767416,-27.767416,-27.767416,757,757,757,-28.113312,-28.113312,-28.113312,757,757,757,-27.33676,-27.33676,-27.33676,757,757,757,-34.28891,-34.28891,-34.28891,757,757,757,-26.703062,-26.703062,-26.703062,757,757,757,-28.941957,-28.941957,-28.941957,753,753,753,68.61,68.61,68.61,753,753,753,66.44,66.44,66.44,753,753,753,66.27,66.27,66.27,753,753,753,63.46,63.46,63.46,753,753,753,74.74,74.74,74.74,753,753,753,63.1,63.1,63.1,753,753,753,66.42,66.42,66.42
78000,772,772,772,-28.111572,-28.111572,-28.111572,772,772,772,-27.65182,-27.65182,-27.65182,772,772,772,-26.278528,-26.278528,-26.278528,772,772,772,-26.765696,-26.765696,-26.765696,772,772,772,-30.443588,-30.443588,-30.443588,772,772,772,-27.302809,-27.302809,-27.302809,772,772,772,-28.118505,-28.118505,-28.118505,768,768,768,67.75,67.75,67.75,768,768,768,65.61,65.61,65.61,768,768,768,63.56,63.56,63.56,768,768,768,62.75,62.75,62.75,768,768,768,69.63,69.63,69.63,768,768,768,65.3,65.3,65.3,768,768,768,67.4,67.4,67.4
79500,787,787,787,-26.118288,-26.118288,-26.118288,787,787,787,-25.225931,-25.225931,-25.225931,787,787,787,-26.472322,-26.472322,-26.472322,787,787,787,-25.34711,-25.34711,-25.34711,787,787,787,-28.451754,-28.451754,-28.451754,787,787,787,-26.971798,-26.971798,-26.971798,787,787,787,-26.13144,-26.13144,-26.13144,783,783,783,62.86,62.86,62.86,783,783,783,61.11,61.11,61.11,783,783,783,63.91,63.91,63.91,783,783,783,60.62,60.62,60.62,783,783,783,67.29,67.29,67.29,783,783,783,66.5,66.5,66.5,783,783,783,63.03,63.03,63.03
81000,802,802,802,-25.728155,-25.728155,-25.728155,802,802,802,-25.664173,-25.664173,-25.664173,802,802,802,-27.221514,-27.221514,-27.221514,802,802,802,-24.31885,-24.31885,-24.31885,802,802,802,-29.863764,-29.863764,-29.863764,802,802,802,-25.833769,-25.833769,-25.833769,802,802,802,-26.86012,-26.86012,-26.86012,798,798,798,63.94,63.94,63.94,798,798,798,62.98,62.98,62.98,798,798,798,66.09,66.09,66.09,798,798,798,60.68,60.68,60.68,798,798,798,70.49,70.49,70.49,798,798,798,65,65,65,798,798,798,66.36,66.36,66.36
82500,817,817,817,-22.448225,-22.448225,-22.448225,817,817,817,-24.58056,-24.58056,-24.58056,817,817,817,-23.534199,-23.534199,-23.534199,817,817,817,-23.062634,-23.062634,-23.062634,817,817,817,-27.213205,-27.213205,-27.213205,817,817,817,-26.1255,-26.1255,-26.1255,817,817,817,-23.945295,-23.945295,-23.945295,813,813,813,57.89,57.89,57.89,813,813,813,61.74,61.74,61.74,813,813,813,59.37,59.37,59.37,813,813,813,57.59,57.59,57.59,813,813,813,66.81,66.81,66.81,813,813,813,66.69,66.69,66.69,813,813,813,61.3,61.3,61.3
84000,832,832,832,-21.383835,-21.383835,-21.383835,832,832,832,-22.214046,-22.214046,-22.214046,832,832,832,-23.94614,-23.94614,-23.94614,832,832,832,-20.648958,-20.648958,-20.648958,832,832,832,-27.928524,-27.928524,-27.928524,832,832,832,-24.898043,-24.898043,-24.898043,832,832,832,-23.966478,-23.966478,-23.966478,828,828,828,55.56,55.56,55.56,828,828,828,58.13,58.13,58.13,828,828,828,60.77,60.77,60.77,828,828,828,51.57,51.57,51.57,828,828,828,70.76,70.76,70.76,828,828,828,64.85,64.85,64.85,828,828,828,61.17,61.17,61.17
85500,847,847,847,-20.66595,-20.66595,-20.66595,847,847,847,-23.269815,-23.269815,-23.269815,847,847,847,-23.639025,-23.639025,-23.639025,847,847,847,-20.260057,-20.260057,-20.260057,847,847,847,-27.110584,-27.110584,-27.110584,847,847,847,-26.17345,-26.17345,-26.17345,847,847,847,-23.1575,-23.1575,-23.1575,843,843,843,53.32,53.32,53.32,843,843,843,61.26,61.26,61.26,843,843,843,59.5,59.5,59.5,843,843,843,52.58,52.58,52.58,843,843,843,68.43,68.43,68.43,843,843,843,67.91,67.91,67.91,843,843,843,59.5,59.5,59.5
87000,862,862,862,-21.922113,-21.922113,-21.922113,862,862,862,-23.951376,-23.951376,-23.951376,862,862,862,-23.243784,-23.243784,-23.243784,862,862,862,-20.697243,-20.697243,-20.697243,862,862,862,-25.863684,-25.863684,-25.863684,862,862,862,-23.501099,-23.501099,-23.501099,862,862,862,-22.919731,-22.919731,-22.919731,858,858,858,56.16,56.16,56.16,858,858,858,62.71,62.71,62.71,858,858,858,59.09,59.09,59.09,858,858,858,53.81,53.81,53.81,858,858,858,65.87,65.87,65.87,858,858,858,62.28,62.28,62.28,858,858,858,58.03,58.03,58.03
88500,877,877,877,-23.373304,-23.373304,-23.373304,877,877,877,-23.585806,-23.585806,-23.585806,877,877,877,-24.077862,-24.077862,-24.077862,877,877,877,-20.670776,-20.670776,-20.670776,877,877,877,-23.392168,-23.392168,-23.392168,877,877,877,-21.634268,-21.634268,-21.634268,877,877,877,-22.537594,-22.537594,-22.537594,873,873,873,60.29,60.29,60.29,873,873,873,62.28,62.28,62.28,873,873,873,61.38,61.38,61.38,873,873,873,54.43,54.43,54.43,873,873,873,62.43,62.43,62.43,873,873,873,59.12,59.12,59.12,873,873,873,57.31,57.31,57.31
90000,892,892,892,-21.836142,-21.836142,-21.836142,892,892,892,-24.873415,-24.873415,-24.873415,892,892,892,-24.341736,-24.341736,-24.341736,892,892,892,-21.537893,-21.537893,-21.537893,892,892,892,-21.169287,-21.169287,-21.169287,892,892,892,-22.019798,-22.019798,-22.019798,892,892,892,-22.650518,-22.650518,-22.650518,888,888,888,57.58,57.58,57.58,888,888,888,65.1,65.1,65.1,888,888,888,63,63,63,888,888,888,57.07,57.07,57.07,888,888,888,57.51,57.51,57.51,888,888,888,60.1,60.1,60.1,888,888,888,58.5,58.5,58.5
91500,907,907,907,-20.785175,-20.785175,-20.785175,907,907,907,-24.314085,-24.314085,-24.314085,907,907,907,-25.001991,-25.001991,-25.001991,907,907,907,-20.499252,-20.499252,-20.499252,907,907,907,-20.40834,-20.40834,-20.40834,907,907,907,-20.838419,-20.838419,-20.838419,907,907,907,-22.251762,-22.251762,-22.251762,903,903,903,56.66,56.66,56.66,903,903,903,64.56,64.56,64.56,903,903,903,66.21,66.21,66.21,903,903,903,53.23,53.23,53.23,903,903,903,56.56,56.56,56.56,903,903,903,57.6,57.6,57.6,903,903,903,58.77,58.77,58.77
93000,922,922,922,-19.432262,-19.432262,-19.432262,922,922,922,-21.704613,-21.704613,-21.704613,922,922,922,-21.645576,-21.645576,-21.645576,922,922,922,-20.86122,-20.86122,-20.86122,922,922,922,-18.747843,-18.747843,-18.747843,922,922,922,-20.925919,-20.925919,-20.925919,922,922,922,-23.011835,-23.011835,-23.011835,918,918,918,53.33,53.33,53.33,918,918,918,58.56,58.56,58.56,918,918,918,60.24,60.24,60.24,918,918,918,54.04,54.04,54.04,918,918,918,52.86,52.86,52.86,918,918,918,56.22,56.22,56.22,918,918,918,62.53,62.53,62.53
94500,937,937,937,-19.844831,-19.844831,-19.844831,937,937,937,-20.14505,-20.14505,-20.14505,937,937,937,-21.11913,-21.11913,-21.11913,937,937,937,-19.65806,-19.65806,-19.65806,937,937,937,-19.385336,-19.385336,-19.385336,937,937,937,-19.44966,-19.44966,-19.44966,937,937,937,-21.545307,-21.545307,-21.545307,933,933,933,55.2,55.2,55.2,933,933,933,56.01,56.01,56.01,933,933,933,59.42,59.42,59.42,933,933,933,52.65,52.65,52.65,933,933,933,54.46,54.46,54.46,933,933,933,53.46,53.46,53.46,933,933,933,60.07,60.07,60.07
96000,952,952,952,-18.39531,-18.39531,-18.39531,952,952,952,-18.761797,-18.761797,-18.761797,952,952,952,-19.264845,-19.264845,-19.264845,952,952,952,-20.377607,-20.377607,-20.377607,952,952,952,-19.103804,-19.103804,-19.103804,952,952,952,-19.225447,-19.225447,-19.225447,952,952,952,-21.18954,-21.18954,-21.18954,948,948,948,51.74,51.74,51.74,948,948,948,54.16,54.16,54.16,948,948,948,54.04,54.04,54.04,948,948,948,56.34,56.34,56.34,948,948,948,53.26,53.26,53.26,948,948,948,52.9,52.9,52.9,948,948,948,58.95,58.95,58.95
97500,967,967,967,-18.09965,-18.09965,-18.09965,967,967,967,-19.021963,-19.021963,-19.021963,967,967,967,-18.964201,-18.964201,-18.964201,967,967,967,-18.187153,-18.187153,-18.187153,967,967,967,-20.373468,-20.373468,-20.373468,967,967,967,-20.34775,-20.34775,-20.34775,967,967,967,-19.176815,-19.176815,-19.176815,963,963,963,52.31,52.31,52.31,963,963,963,53.81,53.81,53.81,963,963,963,53.91,53.91,53.91,963,963,963,51.7,51.7,51.7,963,963,963,57.24,57.24,57.24,963,963,963,55.81,55.81,55.81,963,963,963,54.83,54.83,54.83
99000,982,982,982,-17.70241,-17.70241,-17.70241,982,982,982,-19.659754,-19.659754,-19.659754,982,982,982,-19.286627,-19.286627,-19.286627,982,982,982,-17.197048,-17.197048,-17.197048,982,982,982,-20.670181,-20.670181,-20.670181,982,982,982,-20.75942,-20.75942,-20.75942,982,982,982,-18.314156,-18.314156,-18.314156,978,978,978,52.57,52.57,52.57,978,978,978,56.81,56.81,56.81,978,978,978,54.65,54.65,54.65,978,978,978,49.58,49.58,49.58,978,978,978,59.84,59.84,59.84,978,978,978,58.52,58.52,58.52,978,978,978,53.43,53.43,53.43
